{
    "metrics": {
        "http_req_duration{expected_response:true}": {
            "avg": 106.07104400654663,
            "min": 92.276845,
            "med": 105.342273,
            "max": 157.285472,
            "p(90)": 113.632703,
            "p(95)": 121.293151
        },
        "http_req_tls_handshaking": {
            "avg": 0.5886263436988544,
            "min": 0,
            "med": 0,
            "max": 78.616648,
            "p(90)": 0,
            "p(95)": 0
        },
        "http_req_receiving": {
            "max": 70.397626,
            "p(90)": 27.209443,
            "p(95)": 39.047501999999994,
            "avg": 24.6005165188216,
            "min": 9.753963,
            "med": 23.749134
        },
        "http_req_blocked": {
            "min": 0.00028,
            "med": 0.00037,
            "max": 90.948857,
            "p(90)": 0.00053,
            "p(95)": 0.0005805000000000001,
            "avg": 0.7011932389525412
        },
        "http_req_failed": {
            "fails": 611,
            "passes": 0,
            "value": 0
        },
        "http_req_waiting": {
            "avg": 81.43609612929629,
            "min": 70.87868,
            "med": 81.237821,
            "max": 98.214165,
            "p(90)": 86.853853,
            "p(95)": 88.316979
        },
        "vus": {
            "value": 5,
            "min": 1,
            "max": 5
        },
        "http_req_duration": {
            "avg": 106.07104400654663,
            "min": 92.276845,
            "med": 105.342273,
            "max": 157.285472,
            "p(90)": 113.632703,
            "p(95)": 121.293151
        },
        "http_req_sending": {
            "avg": 0.03443135842880528,
            "min": 0.018212,
            "med": 0.032613,
            "max": 0.181325,
            "p(90)": 0.045034,
            "p(95)": 0.050549
        },
        "iterations": {
            "count": 611,
            "rate": 30.397162608925026
        },
        "http_req_connecting": {
            "p(95)": 0,
            "avg": 0.09311163502454993,
            "min": 0,
            "med": 0,
            "max": 15.111491,
            "p(90)": 0
        },
        "data_sent": {
            "count": 320133,
            "rate": 15926.57096151063
        },
        "http_reqs": {
            "count": 611,
            "rate": 30.397162608925026
        },
        "iteration_duration": {
            "p(95)": 121.418616,
            "avg": 106.88526336170213,
            "min": 92.378013,
            "med": 105.448889,
            "max": 230.409131,
            "p(90)": 113.716969
        },
        "vus_max": {
            "value": 5,
            "min": 5,
            "max": 5
        },
        "checks": {
            "passes": 1222,
            "fails": 0,
            "value": 1
        },
        "data_received": {
            "count": 31192704,
            "rate": 1551832.5625205664
        }
    },
    "root_group": {
        "name": "",
        "path": "",
        "id": "d41d8cd98f00b204e9800998ecf8427e",
        "groups": {},
        "checks": {
                "status 200": {
                    "name": "status 200",
                    "path": "::status 200",
                    "id": "fad9fa412b86fcb03bee97c80dcd61f1",
                    "passes": 611,
                    "fails": 0
                },
                "response < 500ms": {
                    "name": "response < 500ms",
                    "path": "::response < 500ms",
                    "id": "4e2df91466e9715d4dbd2822284c9bcc",
                    "passes": 611,
                    "fails": 0
                }
            }
    }
}