{
    "metrics": {
        "http_reqs": {
            "count": 655,
            "rate": 32.61744121036442
        },
        "http_req_connecting": {
            "avg": 0.08362388702290076,
            "min": 0,
            "med": 0,
            "max": 11.598369,
            "p(90)": 0,
            "p(95)": 0
        },
        "vus": {
            "value": 5,
            "min": 1,
            "max": 5
        },
        "iteration_duration": {
            "p(90)": 104.9019096,
            "p(95)": 108.5640061,
            "avg": 99.68694848396949,
            "min": 86.620691,
            "med": 99.54223,
            "max": 206.347025
        },
        "http_req_tls_handshaking": {
            "p(95)": 0,
            "avg": 0.5725681969465649,
            "min": 0,
            "med": 0,
            "max": 78.835264,
            "p(90)": 0
        },
        "http_req_failed": {
            "fails": 655,
            "passes": 0,
            "value": 0
        },
        "http_req_duration": {
            "p(90)": 104.6666324,
            "p(95)": 107.8581643,
            "avg": 98.91323187175574,
            "min": 86.545011,
            "med": 99.438692,
            "max": 164.310914
        },
        "iterations": {
            "count": 655,
            "rate": 32.61744121036442
        },
        "http_req_sending": {
            "p(95)": 0.048909,
            "avg": 0.03450606412213741,
            "min": 0.017243,
            "med": 0.032514,
            "max": 0.136819,
            "p(90)": 0.044838
        },
        "data_received": {
            "rate": 831438.943678838,
            "count": 16696359
        },
        "data_sent": {
            "count": 172855,
            "rate": 8607.767634225254
        },
        "checks": {
            "passes": 1310,
            "fails": 0,
            "value": 1
        },
        "http_req_duration{expected_response:true}": {
            "p(90)": 104.6666324,
            "p(95)": 107.8581643,
            "avg": 98.91323187175574,
            "min": 86.545011,
            "med": 99.438692,
            "max": 164.310914
        },
        "http_req_receiving": {
            "avg": 14.844720905343516,
            "min": 3.588003,
            "med": 14.590391,
            "max": 79.716293,
            "p(90)": 16.2267346,
            "p(95)": 17.299581399999997
        },
        "vus_max": {
            "value": 5,
            "min": 5,
            "max": 5
        },
        "http_req_waiting": {
            "avg": 84.03400490229014,
            "min": 73.90215,
            "med": 84.730798,
            "max": 107.491031,
            "p(90)": 88.6688734,
            "p(95)": 90.82415169999999
        },
        "http_req_blocked": {
            "avg": 0.6587874427480926,
            "min": 0.0003,
            "med": 0.00039,
            "max": 89.394028,
            "p(90)": 0.00053,
            "p(95)": 0.0006002999999999999
        }
    },
    "root_group": {
        "name": "",
        "path": "",
        "id": "d41d8cd98f00b204e9800998ecf8427e",
        "groups": {},
        "checks": {
                "status 200": {
                    "passes": 655,
                    "fails": 0,
                    "name": "status 200",
                    "path": "::status 200",
                    "id": "fad9fa412b86fcb03bee97c80dcd61f1"
                },
                "response < 500ms": {
                    "name": "response < 500ms",
                    "path": "::response < 500ms",
                    "id": "4e2df91466e9715d4dbd2822284c9bcc",
                    "passes": 655,
                    "fails": 0
                }
            }
    }
}