{
    "metrics": {
        "http_req_blocked": {
            "avg": 0.623838485889574,
            "min": 0.00029,
            "med": 0.00035,
            "max": 171.479182,
            "p(90)": 0.00048,
            "p(95)": 0.00053
        },
        "http_req_tls_handshaking": {
            "min": 0,
            "med": 0,
            "max": 78.982161,
            "p(90)": 0,
            "p(95)": 0,
            "avg": 0.4505897742331289
        },
        "vus": {
            "value": 5,
            "min": 1,
            "max": 5
        },
        "vus_max": {
            "value": 5,
            "min": 5,
            "max": 5
        },
        "http_req_connecting": {
            "p(90)": 0,
            "p(95)": 0,
            "avg": 0.06751465153374232,
            "min": 0,
            "med": 0,
            "max": 11.365082
        },
        "data_received": {
            "count": 6939547,
            "rate": 345735.7971424901
        },
        "http_req_duration{expected_response:true}": {
            "p(95)": 86.6168513,
            "avg": 79.38114175828227,
            "min": 66.321363,
            "med": 78.290897,
            "max": 99.063207,
            "p(90)": 85.4805262
        },
        "checks": {
            "passes": 1630,
            "fails": 0,
            "value": 1
        },
        "http_req_sending": {
            "avg": 0.030820998773006127,
            "min": 0.014271,
            "med": 0.028772,
            "max": 0.185732,
            "p(90)": 0.0390724,
            "p(95)": 0.04409
        },
        "http_req_waiting": {
            "min": 65.310151,
            "med": 76.961143,
            "max": 97.619546,
            "p(90)": 83.7687396,
            "p(95)": 84.9338471,
            "avg": 77.82681424785277
        },
        "iteration_duration": {
            "avg": 80.11194140122699,
            "min": 66.42419,
            "med": 78.372172,
            "max": 270.692047,
            "p(90)": 85.6567104,
            "p(95)": 86.91793630000001
        },
        "http_req_failed": {
            "passes": 0,
            "fails": 815,
            "value": 0
        },
        "data_sent": {
            "count": 114627,
            "rate": 5710.84210814513
        },
        "iterations": {
            "count": 815,
            "rate": 40.604188525725014
        },
        "http_req_receiving": {
            "p(90)": 1.609223,
            "p(95)": 1.6410200000000001,
            "avg": 1.5235065116564415,
            "min": 0.16092,
            "med": 1.406487,
            "max": 12.447661
        },
        "http_req_duration": {
            "max": 99.063207,
            "p(90)": 85.4805262,
            "p(95)": 86.6168513,
            "avg": 79.38114175828227,
            "min": 66.321363,
            "med": 78.290897
        },
        "http_reqs": {
            "count": 815,
            "rate": 40.604188525725014
        }
    },
    "root_group": {
        "groups": {},
        "checks": {
                "status 200": {
                    "name": "status 200",
                    "path": "::status 200",
                    "id": "fad9fa412b86fcb03bee97c80dcd61f1",
                    "passes": 815,
                    "fails": 0
                },
                "response < 500ms": {
                    "name": "response < 500ms",
                    "path": "::response < 500ms",
                    "id": "4e2df91466e9715d4dbd2822284c9bcc",
                    "passes": 815,
                    "fails": 0
                }
            },
        "name": "",
        "path": "",
        "id": "d41d8cd98f00b204e9800998ecf8427e"
    }
}