{
    "root_group": {
        "groups": {},
        "checks": {
                "status 200": {
                    "name": "status 200",
                    "path": "::status 200",
                    "id": "fad9fa412b86fcb03bee97c80dcd61f1",
                    "passes": 820,
                    "fails": 0
                },
                "response < 500ms": {
                    "name": "response < 500ms",
                    "path": "::response < 500ms",
                    "id": "4e2df91466e9715d4dbd2822284c9bcc",
                    "passes": 820,
                    "fails": 0
                }
            },
        "name": "",
        "path": "",
        "id": "d41d8cd98f00b204e9800998ecf8427e"
    },
    "metrics": {
        "data_sent": {
            "count": 79310,
            "rate": 3951.354367306559
        },
        "http_req_waiting": {
            "avg": 78.20744140121937,
            "min": 63.907582,
            "med": 80.12584,
            "max": 95.64696,
            "p(90)": 84.7978812,
            "p(95)": 85.96296174999999
        },
        "http_reqs": {
            "count": 820,
            "rate": 40.85374582261226
        },
        "http_req_sending": {
            "max": 0.29623,
            "p(90)": 0.04662,
            "p(95)": 0.053235,
            "avg": 0.034282508536585356,
            "min": 0.021232,
            "med": 0.031521999999999994
        },
        "http_req_failed": {
            "fails": 820,
            "passes": 0,
            "value": 0
        },
        "vus": {
            "max": 5,
            "value": 5,
            "min": 1
        },
        "iteration_duration": {
            "avg": 79.57150468780482,
            "min": 64.294478,
            "med": 80.781307,
            "max": 271.824009,
            "p(90)": 85.5496921,
            "p(95)": 87.30748274999999
        },
        "http_req_tls_handshaking": {
            "p(95)": 0,
            "avg": 0.4215910256097561,
            "min": 0,
            "med": 0,
            "max": 76.483748,
            "p(90)": 0
        },
        "http_req_duration{expected_response:true}": {
            "p(95)": 87.03872390000001,
            "avg": 78.85905921951219,
            "min": 64.209603,
            "med": 80.662259,
            "max": 130.646105,
            "p(90)": 85.3688661
        },
        "http_req_receiving": {
            "p(95)": 0.6143055,
            "avg": 0.6173353097560973,
            "min": 0.038323,
            "med": 0.506104,
            "max": 63.749862,
            "p(90)": 0.5853799000000001
        },
        "iterations": {
            "count": 820,
            "rate": 40.85374582261226
        },
        "vus_max": {
            "max": 5,
            "value": 5,
            "min": 5
        },
        "checks": {
            "passes": 1640,
            "fails": 0,
            "value": 1
        },
        "data_received": {
            "count": 3489474,
            "rate": 173851.3217690416
        },
        "http_req_duration": {
            "med": 80.662259,
            "max": 130.646105,
            "p(90)": 85.3688661,
            "p(95)": 87.03872390000001,
            "avg": 78.85905921951219,
            "min": 64.209603
        },
        "http_req_blocked": {
            "max": 175.955105,
            "p(90)": 0.00048,
            "p(95)": 0.00052,
            "avg": 0.6055393487804918,
            "min": 0.00029,
            "med": 0.00035
        },
        "http_req_connecting": {
            "max": 11.565883,
            "p(90)": 0,
            "p(95)": 0,
            "avg": 0.0670801012195122,
            "min": 0,
            "med": 0
        }
    }
}