{
    "root_group": {
        "name": "",
        "path": "",
        "id": "d41d8cd98f00b204e9800998ecf8427e",
        "groups": {},
        "checks": {
                "status 200": {
                    "path": "::status 200",
                    "id": "fad9fa412b86fcb03bee97c80dcd61f1",
                    "passes": 735,
                    "fails": 0,
                    "name": "status 200"
                },
                "response < 500ms": {
                    "name": "response < 500ms",
                    "path": "::response < 500ms",
                    "id": "4e2df91466e9715d4dbd2822284c9bcc",
                    "passes": 735,
                    "fails": 0
                }
            }
    },
    "metrics": {
        "http_req_duration": {
            "avg": 87.90276530068027,
            "min": 70.324303,
            "med": 87.849259,
            "max": 170.820978,
            "p(90)": 95.04934519999999,
            "p(95)": 97.5798511
        },
        "http_req_duration{expected_response:true}": {
            "avg": 87.90276530068027,
            "min": 70.324303,
            "med": 87.849259,
            "max": 170.820978,
            "p(90)": 95.04934519999999,
            "p(95)": 97.5798511
        },
        "http_req_connecting": {
            "avg": 0.07939828027210885,
            "min": 0,
            "med": 0,
            "max": 14.867728,
            "p(90)": 0,
            "p(95)": 0
        },
        "vus_max": {
            "max": 5,
            "value": 5,
            "min": 5
        },
        "http_req_tls_handshaking": {
            "avg": 0.4884993210884353,
            "min": 0,
            "med": 0,
            "max": 80.993905,
            "p(90)": 0,
            "p(95)": 0
        },
        "checks": {
            "passes": 1470,
            "fails": 0,
            "value": 1
        },
        "data_sent": {
            "count": 141808,
            "rate": 7062.107258010441
        },
        "vus": {
            "value": 5,
            "min": 1,
            "max": 5
        },
        "http_reqs": {
            "rate": 36.6033568955043,
            "count": 735
        },
        "http_req_failed": {
            "passes": 0,
            "fails": 735,
            "value": 0
        },
        "iteration_duration": {
            "min": 70.392889,
            "med": 87.963539,
            "max": 204.083919,
            "p(90)": 95.5234212,
            "p(95)": 97.98287429999999,
            "avg": 88.58117059591828
        },
        "http_req_receiving": {
            "min": 3.75645,
            "med": 8.643641,
            "max": 22.994255,
            "p(90)": 10.1436046,
            "p(95)": 10.682359599999998,
            "avg": 8.973050738775507
        },
        "http_req_sending": {
            "p(90)": 0.044774,
            "p(95)": 0.04970269999999997,
            "avg": 0.03454683265306125,
            "min": 0.020472,
            "med": 0.032623,
            "max": 0.201977
        },
        "data_received": {
            "count": 12466139,
            "rate": 620819.7754094764
        },
        "http_req_waiting": {
            "max": 160.285011,
            "p(90)": 85.3330962,
            "p(95)": 87.40869,
            "avg": 78.8951677292517,
            "min": 63.182021,
            "med": 78.942331
        },
        "http_req_blocked": {
            "max": 96.953256,
            "p(90)": 0.0005264000000000002,
            "p(95)": 0.0005829999999999995,
            "avg": 0.5702760503401392,
            "min": 0.0003,
            "med": 0.00039
        },
        "iterations": {
            "count": 735,
            "rate": 36.6033568955043
        }
    }
}