{
    "metrics": {
        "data_received": {
            "count": 3519100,
            "rate": 175564.71708822448
        },
        "http_req_blocked": {
            "avg": 0.6104882152357962,
            "min": 0.00028,
            "med": 0.00035,
            "max": 178.621919,
            "p(90)": 0.0004645999999999998,
            "p(95)": 0.0005007
        },
        "http_req_receiving": {
            "p(95)": 0.5926586999999998,
            "avg": 0.5417459008464329,
            "min": 0.037473,
            "med": 0.495968,
            "max": 7.623812,
            "p(90)": 0.5673606
        },
        "iterations": {
            "count": 827,
            "rate": 41.258282240334644
        },
        "http_req_failed": {
            "passes": 0,
            "fails": 827,
            "value": 0
        },
        "vus": {
            "value": 5,
            "min": 1,
            "max": 5
        },
        "http_req_duration": {
            "med": 78.471352,
            "max": 139.940921,
            "p(90)": 82.1624202,
            "p(95)": 83.6503178,
            "avg": 78.01285565296251,
            "min": 69.577964
        },
        "iteration_duration": {
            "p(90)": 82.4034246,
            "p(95)": 83.8651996,
            "avg": 78.72722883917778,
            "min": 69.660913,
            "med": 78.622308,
            "max": 266.650662
        },
        "http_req_connecting": {
            "avg": 0.06484886819830714,
            "min": 0,
            "med": 0,
            "max": 11.181117,
            "p(90)": 0,
            "p(95)": 0
        },
        "http_req_tls_handshaking": {
            "avg": 0.4260877424425634,
            "min": 0,
            "med": 0,
            "max": 76.154268,
            "p(90)": 0,
            "p(95)": 0
        },
        "http_reqs": {
            "count": 827,
            "rate": 41.258282240334644
        },
        "http_req_duration{expected_response:true}": {
            "p(90)": 82.1624202,
            "p(95)": 83.6503178,
            "avg": 78.01285565296251,
            "min": 69.577964,
            "med": 78.471352,
            "max": 139.940921
        },
        "data_sent": {
            "count": 80170,
            "rate": 3999.6088116174465
        },
        "http_req_sending": {
            "min": 0.020022,
            "med": 0.030823,
            "max": 0.663454,
            "p(90)": 0.0470924,
            "p(95)": 0.0533497,
            "avg": 0.03471499758162036
        },
        "http_req_waiting": {
            "min": 69.083027,
            "med": 78.018629,
            "max": 139.246664,
            "p(90)": 81.5226772,
            "p(95)": 82.7249813,
            "avg": 77.4363947545345
        },
        "checks": {
            "passes": 1654,
            "fails": 0,
            "value": 1
        },
        "vus_max": {
            "value": 5,
            "min": 5,
            "max": 5
        }
    },
    "root_group": {
        "groups": {},
        "checks": {
                "status 200": {
                    "fails": 0,
                    "name": "status 200",
                    "path": "::status 200",
                    "id": "fad9fa412b86fcb03bee97c80dcd61f1",
                    "passes": 827
                },
                "response < 500ms": {
                    "name": "response < 500ms",
                    "path": "::response < 500ms",
                    "id": "4e2df91466e9715d4dbd2822284c9bcc",
                    "passes": 827,
                    "fails": 0
                }
            },
        "name": "",
        "path": "",
        "id": "d41d8cd98f00b204e9800998ecf8427e"
    }
}