{
    "metrics": {
        "http_req_duration": {
            "p(90)": 83.573711,
            "p(95)": 84.6646842,
            "avg": 78.05131858986732,
            "min": 64.36093,
            "med": 79.221764,
            "max": 106.468299
        },
        "iteration_duration": {
            "max": 178.033246,
            "p(90)": 83.742417,
            "p(95)": 84.96408539999999,
            "avg": 78.66769160193002,
            "min": 64.464739,
            "med": 79.347545
        },
        "checks": {
            "passes": 1658,
            "fails": 0,
            "value": 1
        },
        "data_sent": {
            "count": 116036,
            "rate": 5780.259970179029
        },
        "http_req_blocked": {
            "p(95)": 0.000525999999999999,
            "avg": 0.509093903498193,
            "min": 0.0003,
            "med": 0.00035,
            "max": 87.541512,
            "p(90)": 0.00049
        },
        "http_req_connecting": {
            "min": 0,
            "med": 0,
            "max": 11.308212,
            "p(90)": 0,
            "p(95)": 0,
            "avg": 0.06687275150784078
        },
        "http_req_receiving": {
            "avg": 1.4809022786489752,
            "min": 0.147223,
            "med": 1.461341,
            "max": 12.578095,
            "p(90)": 1.619699,
            "p(95)": 1.6497082
        },
        "http_reqs": {
            "count": 829,
            "rate": 41.296110821455535
        },
        "http_req_failed": {
            "fails": 829,
            "passes": 0,
            "value": 0
        },
        "http_req_sending": {
            "avg": 0.03078789746682756,
            "min": 0.017671,
            "med": 0.029072,
            "max": 0.156384,
            "p(90)": 0.038547,
            "p(95)": 0.043287999999999965
        },
        "http_req_waiting": {
            "avg": 76.53962841375153,
            "min": 63.242191,
            "med": 77.781116,
            "max": 100.867323,
            "p(90)": 81.97913779999999,
            "p(95)": 83.114457
        },
        "data_received": {
            "count": 7056036,
            "rate": 351491.971792738
        },
        "vus_max": {
            "value": 5,
            "min": 5,
            "max": 5
        },
        "http_req_tls_handshaking": {
            "avg": 0.440030375150784,
            "min": 0,
            "med": 0,
            "max": 76.347164,
            "p(90)": 0,
            "p(95)": 0
        },
        "vus": {
            "value": 5,
            "min": 1,
            "max": 5
        },
        "iterations": {
            "rate": 41.296110821455535,
            "count": 829
        },
        "http_req_duration{expected_response:true}": {
            "max": 106.468299,
            "p(90)": 83.573711,
            "p(95)": 84.6646842,
            "avg": 78.05131858986732,
            "min": 64.36093,
            "med": 79.221764
        }
    },
    "root_group": {
        "checks": {
            "status 200": {
                "name": "status 200",
                "path": "::status 200",
                "id": "fad9fa412b86fcb03bee97c80dcd61f1",
                "passes": 829,
                "fails": 0
            },
            "response < 500ms": {
                "name": "response < 500ms",
                "path": "::response < 500ms",
                "id": "4e2df91466e9715d4dbd2822284c9bcc",
                "passes": 829,
                "fails": 0
            }
        },
        "name": "",
        "path": "",
        "id": "d41d8cd98f00b204e9800998ecf8427e",
        "groups": {}
    }
}